﻿Designator,Footprint,Quantity,Value,LCSC Part #
"C1, C2, C3, C4, C6",C_Disc_D5.1mm_W3.2mm_P5.00mm,5,100nF,
J1,SMA_Amphenol_132289_EdgeMount,1,RF_in,
J2,TerminalBlock_Altech_AK300-2_P5.00mm,1,Screw_Terminal_01x02,
J3,SMA_Amphenol_132289_EdgeMount,1,RF_out,
JP1,SolderWire-0.1sqmm_1x01_D0.4mm_OD1mm_Relief,1,Jumper_2_Bridged,
"Q1, Q2, Q3",TO-92_Inline,3,2N3904,
"R1, R4",R_Axial_DIN0309_L9.0mm_D3.2mm_P12.70mm_Horizontal,2,2.2k,
R2,R_Axial_DIN0309_L9.0mm_D3.2mm_P12.70mm_Horizontal,1,10k,
R3,R_Axial_DIN0309_L9.0mm_D3.2mm_P12.70mm_Horizontal,1,180,
R5,R_Axial_DIN0309_L9.0mm_D3.2mm_P12.70mm_Horizontal,1,470,
R6,R_Axial_DIN0309_L9.0mm_D3.2mm_P12.70mm_Horizontal,1,47,
RD1,R_Axial_DIN0309_L9.0mm_D3.2mm_P12.70mm_Horizontal,1,4.7,
RF1,R_Axial_DIN0309_L9.0mm_D3.2mm_P12.70mm_Horizontal,1,1800,
R_1,R_Axial_DIN0309_L9.0mm_D3.2mm_P12.70mm_Horizontal,1,330,
R_2,R_Axial_DIN0309_L9.0mm_D3.2mm_P12.70mm_Horizontal,1,10,
